published_at,name,brand,origin,family,alternate_name,ne_variety,maturity,winter_hardiness,straw_strength,plant_height,coleoptile,hessian_fly,leaf_rust,stem_rust,stripe_rust,tan_spot,soil_borne_mosaic,wheat_streak_mosaic,fusarium_head_blight,wheat_stem_sawfly,target_ne_environment,characteristic_notes
,Amplify SF,PlainsGold,CSU/CWRF,,,0,3,5,4,5,6,,,,4,,,,,,Sawfly defense,17 Solidness (Pith)
,AP 18AX,AgriPro,,,,0,2,3,3,4,5,5,6,3,2,4,5,3,,,All,"Excellent yield potential, medium maturity, WSMV tolerance"
,AP Bigfoot,AgriPro,,,,0,2,4,4,3,5,9,3,2,4,3,5,5,,,"SC, WC, PH","Acid soil tolerance, very good leaf and stripe rust tolerance, works well for late planting after soybean, a top AP varieties for WSMV tolerance"
,AP Roadrunner,AgriPro,,,,0,3,4,2,6,5,2,2,8,2,6,1,4,,,"WC, PH","A top AP varieties for WSMV, excellent milling and baking quality"
,AP Solid,AgriPro,,Judee/Wolf,,0,4,4,5,4,5,9,5,5,7,4,,6,,,PH,"Good yield potential, adaptability from NW KS to N MT, rated well for solidness from MSU"
,Canvas,PlainsGold,CSU/CWRF,,,0,3,5,5,5,5,3,6,2,3,,,3,,,Irrigated/higher rainfall areas,Ideal population is 1.2-1.5 million.
,CP7017AX,CROPLAN,,,,0,3,5,5,5,,,7,1,3,,,,,,High yield,"Broadly adapted, resistance to SBMV, tolerance in acid soils"
,CP7050AX,CROPLAN,,,,0,2,4,5,5,,,3,8,1,,,,,,High yield potential,"Strong yield potential, strong straw and test weight, consistent performance"
,CP7869,CROPLAN,,,,0,5,4,5,5,,,1,1,1,,,,,,High yield potential,High yield potential especially in well-managed conditions
,CPX72166AX,CROPLAN,,,,0,3,4,5,7,,,1,8,3,,,,,,Mod-high yield and dryland,Experimental CoAXium
,Crescent AX,PlainsGold,CSU/CWRF,Byrd,,0,1,4,4,5,5,,6,,4,,,2,,,Grassy weed pressure areas,
,Epoch,NuHorizon,UNL,,NE15420,1,2,5,3,2,,8,3,2,3,,1,7,,,Irrigated/higher rainfall areas,Well-adapted for intensive management and irrigated acres
,Fortify SF,PlainsGold,CSU/CWRF,"Byrd, Bearpaw",,0,4,5,3,5,3,9,7,4,7,,,2,,,Sawfly defense,13 Solidness (Pith)
,Freeman,Husker Genetics,UNL,(ABI86*3414/JAG//K92)/ALLIANCE,NE06545,1,3,5,3,2,2,SG,6,2,8,,1,9,,,All NE,
,Goodstreak,Husker Genetics,UNL,Colt,,1,3,4,4,8,9,6,8,3,,,9,9,,,Western,Tall; Susceptible to stripe rust; high tillering
,High Country,"Polansky Seed, Inc.",,,,0,2,5,6,4,5,9,2,3,6,,1,4,,,WC,Released in 2021 for High Plains West.
,KS Hamilton,Kansas Wheat Alliance,,Bill Brown,,0,3,5,4,5,4,1,5,3,7,7,1,2,,,"SC, WC",Improved temperature resistance to WSMV
,Langin,PlainsGold,CSU/CWRF,,,0,2,5,3,4,3,9,6,8,3,,1,,,,Dryland,Finishes well in the heat
,LCS Atomic AX,Limagrain Cereal Seeds,,,,0,1,4,6,2,7,,4,9,1,,1,,,,All,"Very good FHB tolerance, AX"
,LCS Chrome,Limagrain Cereal Seeds,,,,0,4,4,6,6,6,1,1,9,1,2,1,7,,,All,Good FHB tolerance
,LCS Helix AX,Limagrain Cereal Seeds,,,,0,2,4,5,4,9,,2,1,2,,1,,,,All,"Very good FHB tolerance, AX"
,LCS Link,Limagrain Cereal Seeds,UNL/LCS,,LCH13NEDH-14-71,1,5,5,6,5,6,,2,1,5,3,1,6,,,All,Good FHB tolerance/Irrigated wheat
,LCS Photon AX,Limagrain Cereal Seeds,,,,0,2,4,3,6,8,,5,9,2,,4,,,,All,"High tillering with good drought tolerance, AX"
,LCS Runner,Limagrain Cereal Seeds,,,,0,3,5,4,5,8,9,4,2,4,,1,,,,All,Intermediate FHB tolerance
,LCS Steel AX,Limagrain Cereal Seeds,,,,0,5,5,6,6,6,9,2,8,8,,1,,,,All,"Very good FHB tolerance, AX"
,LCS Valiant,Limagrain Cereal Seeds,UNL,Camelot,NE10478-1,1,2,5,5,4,6,1,5,4,2,,1,8,,,All,Very good FHB tolerance
,Monarch,PlainsGold,CSU/CWRF,,,0,3,5,6,5,3,9,5,2,5,,,4,,,Irrigated/Higher Rainfall,Low PPO
,MS Iceman,Meridian Seeds,,,,0,3,,5,3,7,,2,5,7,,,,,,,
,MS Maverick,Meridian Seeds,,,,0,4,,3,5,6,,1,3,1,,,,,,,
,NE16562,UNL-Experimental,UNL,,,1,2,5,,4,2,8,,,5,,,8,,,"Broad adaptation, top line in 3-year averages",
,NE17441,UNL-Experimental,UNL,,,1,2,5,,4,,8,6,6,3,,,8,,,Broad adaptation,MR for FHB
,NE17443,UNL-Experimental,UNL,,,1,2,5,,4,,8,6,5,9,,,8,,,West Central/Panhandle,MR for FHB
,NE17544,UNL-Experimental,UNL,,,1,4,5,,7,,5,3,5,5,,,8,,,Panhandle,
,NE18435,UNL-Experimental,UNL,,,1,2,5,,3,,,,,3,,,8,,,Eastern/high rainfall and irrigated potential,
,NE18455,UNL-Experimental,UNL,,,1,2,5,,4,,,5,,3,,8,8,,,"Eastern, high rainfall",
,NE18573,UNL-Experimental,UNL,,,1,3,5,,7,,8,9,2,7,,,8,,,Broad adaptation,
,NE19590,UNL-Experimental,UNL,,,1,3,5,,5,,2,,5,7,,,8,,,Panhandle,
,NE19619,UNL-Experimental,UNL,,,1,4,5,,6,,5,,1,3,,,8,,,Eastern and Central NE,
,NHH17450,UNL-Experimental,UNL,,,1,2,5,,5,,2,9,5,4,,,8,,,West Central and south,"2 gene CL approved for release, excellent yield potential, earlier maturity than sib, acceptable baking quality"
,NHH17612,UNL-Experimental,UNL,,,1,3,5,,5,,8,9,4,4,,,8,,,North of I-80,"2 gene CL approved for release, excellent yield potential, later maturity and Better quality than sib 17450- rated as good-excellent in milling and baking tests"
,NHH19651,UNL-Experimental,UNL,,,1,4,5,,6,,8,,4,5,,,8,,,West Central/PH,CL2
,NHH19668,UNL-Experimental,UNL,,,1,3,5,,4,,8,,6,4,,,8,,,Broadly adapted to NE,CL2
,NI17410,UNL-Experimental,UNL,,,1,2,5,,4,,8,,,3,,,8,,,"Eastern, high rainfall, irrigated potential?",CL2
,NW15443,UNL-Experimental,UNL,,,1,4,5,,6,,8,,,4,,,8,,,"West/south central, good yield potential",White Wheat
,Paradise,"Polansky Seed, Inc.",,,,0,2,4,5,3,5,9,3,3,1,3,1,5,,,South Central,"High yields planted continous or after beans, excellent Mill/Bake score, excellent Strip Rust tolerance, good grazing."
,Pronghorn,Husker Genetics,UNL,Colt,,1,3,4,3,8,9,9,7,3,,,9,9,,,Western,"Tall, moderately early maturity with good tillering, long coleoptile; good in drought prone conditions"
,PSB13NEDH-14-83,UNL-Experimental,UNL,,,1,3,5,,5,,2,3,1,6,,,8,,,West/south central,
,Robidoux,Husker Genetics,UNL,"Wahoo, Millennium",NI04421,1,3,4,,5,6,9,8,1,4,,3,9,,,Western; rainfed and irrigated,"Semi dwarf with medium coleoptile, moderately late, broadly adapted; developed UNL/USDA and co-released with Wyoming"
,Rock Star,"Polansky Seed, Inc.",,,,0,3,5,6,4,5,9,2,3,2,4,1,4,,,"SC, WC","High yields planted continous, after beans or corn, excellent stripe rust, strong straw, good Fusarium Head Blight tolerance. "
,Ruth,Husker Genetics,UNL,OK98697?/?Jagalene?//?Camelot,NE10589,1,4,4,4,5,7,5,8,1,3,,1,9,,,Broad adaptation,"Strong yield and fairly stable, good stripe rust resistance, good test weight"
,Scout 66,Check,UNL,Ponca,,1,3,3,1,9,8,9,7,5,8,9,9,7,,,UK,"Released by NE Agricultural Expt station in 1963, a composite of selections from Scout developed for uniformity and end use"
,Settler CL,NuPride Genetics,UNL,"Infinity, Millennium, Wesley",NH03614,1,3,5,3,1,6,9,5,4,8,,1,5,,,Broad adaptation; dryland and irrigated,"Single gene Clearfield for grassy weed pressure, good winter hardiness, stable yields"
,Siege,NuPride Genetics,UNL,Robidoux,NE12561,1,4,4,5,3,,3,4,2,2,,1,7,,,Eastern; South Central,"Moderate disease/pest resistance package, excellent yield and straw strength, acceptable end use"
,Spur,AgriPro,,Montana State,,0,5,5,5,5,5,,4,,4,,,9,,,Panhandle,"Excellent yield potential in target environment, solid stem, lower test weight and late maturing"
,SY Legend CL2,AgriPro,,,,0,3,4,2,4,5,9,5,,4,3,,4,,,Panhandle,"Consistent yielder, drought tolerance, good tolerance to leaf and stripe rust"
,SY Wolverine,AgriPro,,,,0,2,4,5,3,5,9,2,2,7,3,1,4,,,"SC, WC, PH","Wide adaptability and yield potential, good choice if planting late after soybeans, WSMV tolerance"
,Turkey,Check,,Ukraine,,0,5,4,2,9,9,9,7,7,9,,9,5,,,UK,"Brought to KS in 1870s from Ukraine with immigrants, dominant historical variety"
,WB4269,WestBred,,,,0,1,4,3,3,5,8,2,4,6,8,3,8,,,Eastern Dryland,Very Good FHB tolerance.
,WB4303,WestBred,,,,0,2,3,6,4,5,6,3,3,8,8,2,5,,,Western Irrigated,Excellent Mill/Bake
,WB4309,WestBred,,,,0,2,4,3,4,5,,5,4,4,8,4,7,,,"Western Dry, Irrig",Very good drought/heat tolerance.
,WB4401,WestBred,,,,0,2,4,4,5,5,5,4,4,3,5,2,7,,,Eastern Dryland,Good FHB tolerance.
,WB4418,WestBred,,,,0,3,4,6,4,6,2,4,3,4,7,2,5,,,"Western Dry, Irrig",Good sawfly tolerance for light to moderate infestations.
,WB4422,WestBred,,,,0,3,4,5,6,6,8,2,6,8,3,2,6,,,"Western Dry, Irrig",Targeted as WB-Grainfield replacement.
,WB4462,WestBred,,,,0,2,4,2,7,6,8,3,4,7,6,2,8,,,Western Dryland,Excellent tough acre variety with excellent drought and heat tolerance
,WB4483,WestBred,,PRYOR/GENOU,,0,4,5,5,5,6,,5,7,7,4,6,6,,,Sawfly Acres,Solid stem variety with very good yield potential.
,WB4510CLP,WestBred,,,,0,3,4,5,5,6,7,6,5,2,7,6,6,,,"Western Dry, Irrig",2-gene Clearfield with excellent yield potential and agronomics.
,WB4523,WestBred,,,,0,3,4,6,3,5,8,5,4,2,2,3,6,,,Eastern Dryland,Very good yield potential with excellent standability and disease package. Good FHB tolerance.
,WB4595,WestBred,,,,0,3,5,5,5,6,6,4,3,4,6,7,5,,,"Western Dry, Irrig",Excellent drought and heat tolerance. Good sawfly toleance for light to moderate infestations.
,WB4699,WestBred,,,,0,3,4,5,3,5,5,3,2,6,4,3,5,,,Eastern Dryland,"Excellent yield potential, standability with a very good disease package. Very Good FHB tolerance."
,WB4792,WestBred,,,,0,4,5,5,6,6,4,2,4,4,6,7,5,,,"Western Dry, Irrig",Excellent drought and heat tolerance. Good sawfly toleance for light to moderate infestations.
,Wesley,Husker Genetics,ARS-NE,Sumner,,1,3,5,5,2,1,9,8,1,7,5,1,9,,,Broad adaptation; particularly good on irrigated acres,"Moderately short, excellent straw strength, bronze chaff, good end use"
,Whistler,PlainsGold,CSU/CWRF,"Byrd, Snowmass",,0,5,5,1,7,5,9,6,1,3,,,2,,,Dryland,