published_at,collaborator,planting_date,harvest_date,fertilization,herbicide,fungicide,soil_type,tilled,irrigated,irrigation,crop_rotations,latitude,longitude,trial_notes,fips,status_trial_succeeded,status_notes,organic,intensive_management
,"UNL ARDC; Ithaca, NE",9/24/2021,7/5/2022,80 lb/a N applied at greenup,"2 pt/a Prowl & 0.5 pt/a 2,4-D in April",,Filbert & Tomek silt loam,1,0,,Oats,41.165817,-96.415756,,31155,1,,0,0
,"UNL ARDC; Ithaca, NE",9/24/2021,,40 lb/a N applied at greenup and 80 lb/a N applied at Feekes 5.,"2 pt/a Prowl & 0.5 pt/a 2,4-D in April ",8 oz/a Prosaro applied at late heading,Tomek silt loam,1,0,,Oats,41.165156,-96.415756,,31155,0,Data inconsistent,0,1
,"UNL Havelock Farm; Lincoln, NE",9/23/2021,7/5/2022,"80 lbs/a N using liquid 32% preplant, 80 lbs/a N in April","0.3 oz/a Finesse + NIS preplant, 1 pt/a 2,4-D + 2 pt/a Prowl H2O in April",,Kennebec silt loam,1,0,,Oats,40.857312,-96.595411,,31109,1,,0,0
,"Mark Knobel; Fairbury, NE",10/21/2021,7/11/2022,100 lb/a potash & 100 lb/a 11-52-0 applied in the fall and 130 lb/a N & 13 lb/a S applied as spring topdress,Harmony Extra applied in spring,"generic Quilt applied in spring, generic Quilt applied at flag leaf, & Miravis Ace & N-Cline applied at flowering",Crete silt loam,0,0,,Soybean,40.237072,-97.199371,,31095,1,,0,0
,"South Central Res & Ext Center; Harvard, NE",10/8/2021,,,,,Crete silt loam,1,0,,Soybean,40.572281,-98.129629,,31035,0,Data highly variable due to hailstorm.,0,0
,"Troy tenBensel, Arapahoe, NE",9/20/2021,,,,,Holdrege silt loam,0,0,,Fallow (corn),40.359245,-99.877022,,31073,0,Data highly variable due to hailstorm.,0,0
,"Randy Peters; McCook, NE",9/23/2021,,,,,Blackwood silt loam,1,0,,Fallow (corn),40.113713,-100.817437,,31087,0,Data highly variable due to hailstorm.,0,0
,"UNL WCREC Dryland Farm; North Platte, NE",9/23/2021,7/13/2022,70 lb/a 40 Rock in-furrow at planting; 60 lb/a N streamed in spring,"2 pt Prowl H2O and 2,4-D LV6 in early May",,Holdrege silt loam,0,0,,Fallow (corn),41.057122,-100.75083,,31111,1,,0,0
,"UNL Stumpf International Wheat Center; Grant, NE",9/24/2021,7/11/2022,"70 lb/a 40 Rock at planting, soil test revealed 110lb/a residual N, so no additional topdressing.",0.5 oz/a Amber in fall,,Alliance & Kuma silt loams,0,0,,Fallow (corn),40.843994,-101.69995,,31135,1,,0,0
,"UNL WCREC Water Resource Lab; Brule, NE",9/20/2021,7/8/2022,70 lb/a 40 Rock in-furrow at planting; 60/a lb N streamed in spring,Starane and Patriot at labeled rates,,Kuma loam,1,0,,Fallow (corn),41.163308,-101.997725,,31101,1,,0,0
,"Larry Flohr; Chappell, NE",9/20/2021,,70 lb/a 40 Rock; 15 gal/a 28-0-05 applied in late March,,,Johnstown-Satanta-Richfield-Altvan loams,1,0,,Fallow (wheat),41.174776,-102.247238,,31049,0,Lost to hailstorm,0,0
,"High Plains Ag Lab; Sidney, NE",9/14/2021,7/18/2022,"50 lb/a 32-0-0 streamed on Aug. 30, 2021; no in-furrow starter","32 oz/a RoundUp, 8 oz/a 2,4-D LV6 on August 2; 32 oz/a RoundUp on September 7.; 2 pt/a Prowl H2O and 6 oz/a 2,4-D LV6 in early May",,Duroc & Alliance loams,0,0,,Fallow (millet),41.233281,-103.000321,,31033,1,,0,0
,"High Plains Ag Lab; Sidney, NE",9/14/2021,7/19/2022,50 lb/a 32-0-0 streamed on Aug. 30; 87.5 lb/a 40 Rock in-furrow at planting; 10 lb/a N with 2.4-D in April; 50 lb/a N applied on April 26,"32 oz RoundUp, 8 oz/a 2,4-D LV6 preplant; 2,4-D in April; 2 pt/a Prowl H2O and 6 oz/a 2,4-D LV6 in early May",,Duroc & Alliance loams,0,0,,Fallow (millet),41.233281,-103.000321,,31033,1,,0,1
,"Chad Bomberger/Travis Freeburg; Bushnell, NE",9/13/2021,7/21/2022,70 lb/a 40 Rock in furrow at planting,,,Rosebud-Canyon & Alliance loams,1,0,,Fallow (corn),41.40754,-103.994729,,31105,1,,0,0
,"Cullan Seed Farms; Hemingford, NE",9/15/2021,,70 lb/a 40 Rock,,,Rosebud loam,1,0,,Fallow (corn),42.248355,-103.018278,,31013,0,Lost to hailstorm,0,0
,"Jim Wyatt; Harrisburg, NE",9/13/2021,7/21/2022,"70 lb/a 40 Rock in furrow at planting, 35 lb/acre N in spring",4 oz Barrage in April,,Bridget very fine sandy loam,1,0,,Fallow (wheat),41.56687,-103.728587,,31007,1,,0,0
,"UNL Stumpf International Wheat Center; Grant, NE",10/11/2021,,70 lb/a 40 Rock; 90 lb/a N at greenup; fertigated 25 lb/a N mid-May and 70 lb/a in late May,"2 pt/a Prowl H2O in mid-April, touchup spraying with 2,4-D in late May",,Kuma & Mace silt loams,0,1,,Soybean,40.853561,-101.703579,,31135,0,Lost to hailstorm,0,0
